十單組(1),名稱,,風雲組(6),名稱,,,寶可夢組(9),名稱,,,狩魔組(0),名稱,,幽魔組(3),名稱,,,,奇兵組(0),名稱,,白蘭地組(0),名稱,,殘兵黃鴨組(0),名稱,,特別行動組(0),名稱,,,,總人數,203
1,色,*,1,風雲丨咖啡豆,,*,1,張雲陽,,,1,狩丨路人華沙,*,1,冥神幽魔,,*,,1,奇兵丨域奇,,1,干邑白蘭地  222060,,1,丨金城武丨,,1,無極神諭,風雲,,,戰力,192
2,爻明里紬爻,*,2,風雲丨飛揚,,*,2,偶叫獒丨偷穿,*,,2,狩丨龍,,2,黑色狂吻,,*,,2,奇兵丨沐漓,,2,干邑白蘭地M 1141044,,2,非禮丨布衣,,2,銳城衛,風雲,,,特別行動,11
3,十單丨火雞,*,3,鍾世玉,,*,3,大蔥鴨丨女神,*,,3,照見六道皆凶,,3,和平,會改名為(牙腸),,,3,奇兵丨貓子,,3,楊大平  1901843,,3,丨梁朝偉丨,,3,小號豆,風雲,,,,
4,十單丨仲謀,*,4,風雲丨小牛皮,會改名,,4,溫刀刀,,,4,狩魔親尉B,*,4,初春,,,,4,奇兵丨馬子,,4,高手    223064,,4,半邊尿捅,,4,幕後大老爺,風雲,,,,
5,十單丨小熊,,5,金喵丨金毛仔,,,5,可達鴨丨米羅,,,5,圓圓IU圓圓,,5,百里香,,,,5,奇兵丨恨福,,5,冰封之谷 223258,,5,半邊飯捅,,5,惡哞丨冰美式,十單,,,,
6,十單丨大叔,,6,風雲丨馬爺,,,6,小拳石丨數字,,,6,公子白F,,6,秋風,,,,6,奇兵丨桌子,,6,你個壞野左33636,,6,半邊酒捅,,6,立冬丨千雪,十單,,,,
7,十單丨轟騳,,7,風雲丨招財貓,,*,7,基拉祈丨沒中,,,7,狩丨月,,7,十四,,,,7,奇兵丨巨巨,,7,百厭  28610,,7,米咕,,7,陸夢路,十單,,,,
8,十單丨姣狐,,8,風雲丨童話,,,8,頑皮熊貓丨D,,,8,雪代緣,,8,細細佬,,,,8,奇兵丨咪子,,8,假姜維 27540,,8,夜空灰灰,,8,戳丨韓文,十單,,,噴火龍丨有中,?
9,湯哥,,9,風雲彡霸權熊,,,9,漢堡帥哥,,,9,狩丨水記,*,9,仲達,,,,9,熊出沒注意,,9,身分證 35053,,9,曹友學,,9,豆沙,幽魔,,,,
10,事鬼旦,*,10,風雲丨小綺白,,,10,亞須彌あおい,,,10,狩丨狩魔鳳,,10,KI,,,,10,奇兵丨明心,,10,鬼神證 32449,,10,半邊欠捅,,10,刀疤用,幽魔,,,,
11,神聖衣,,11,風雲丨變化球,,,11,金色大懶蟲,,,11,劉辰,,,,,,,11,奇兵丨露營,,11,黑黑團 22666,,11,達非鴨,,,,,,,,
12,十單丨糕普,,12,風雲丨擋百,,,12,一二三四五,,,12,狩丨天使,,,,,,,12,奇兵丨老爺,,12,三國魂唐賢 2039063,,12,小黃鴨,,,,,,,,
13,十單丨初風,,13,風雲丨胡爐,,*,13,大懶蟲,,,13,圓圓擱圓圓,,,,,,,13,TO,,13,雪魄 JIM 281128,,13,范姜彥豐(貴哥),,,,,,,,
14,十單丨天師,,14,風雲丨可達鴨,,,14,源哥丨火火,,,14,鑨丨連登之子,,,,,,,14,无丨無課米高,,14,河本鬼茂 662555,,14,操阿粿,,,,,,,,
15,十單丨呀呢,,15,初衷丨探汁郎,,,15,源哥丨阿斌,,,15,葵仔,,,,,,,15,曼陀珠,,15,曹鯊  236927,,15,山下智酒,,,,,,,,
16,十單丨Cy,,16,初衷丨路卡撐,,,16,源哥丨婆婆,,,16,狩丨瞞,,,,,,,16,神隱軒轅,,16,古艾迪兒 51371,,16,湯餃克魯斯,,,,,,,,
17,十單丨小飛象,,17,風雲丨羊祜,,,17,源哥丨污染,,,17,嚎大大貢丸,,,,,,,17,奇兵｜露露,,,,,17,吳昂,,,,,,,,
18,十單丨夜歌,,18,銀麒,,*,18,酷丨歐州派,,,18,狩丨蓋亞,,,,,,,18,惡夢乄罐頭,,,,,18,囂告太陽神,,,,,,,,
19,十單丨年華,,19,吉川嘉旗,,,19,酷丨黑香蕉,,,19,喵姆,,,,,,,19,奇兵丨當肯,,,,,19,暗部兔兔,,,,,,,,
20,秦風丨天子,,20,Cutter,,,20,酷 | 黑卡夫,,,,,,,,,,,20,惡夢乄魔聖君,,,,,20,大熊座憿,,,,,,,,
21,碌柒丨風飛雪,*,21,風雲丨莫名,,,21,山頂小毒蛇,,,,,,,,,,,21,魚丨筿玥,,,,,21,櫛瓜史塔森,,,,,,,,
22,十單丨天狼,,22,風雲丨咖哩豆,,*,22,酷丨阿貴,,,,,,,,,,,22,惡夢乄白蓿苜,,,,,22,鏡常威,,,,,,,,
23,戳丨震九霄,,23,風雲丨小熊,,*,23,酷丨小屁孩,,,,,,,,,,,23,能高安東軍,,,,,23,別急劉李奧,,,,,,,,
24,戳丨小年華,,24,里長伯｜玄董,,,24,酷丨南哥,,,,,,,,,,,,,,,,,24,夜逆,,,,,,,,
25,戳丨玻璃心,,25,熊寶貝,,,25,酷丨襠破洞,,,,,,,,,,,,,,,,,25,暗部鷲倪,,,,,,,,
26,戳丨小黏滑,,26,宇智波・班,,,,,,,,,,,,,,,,,,,,,26,九變,,,,,,,,
27,戳丨小柚子,,27,戮|Yue,,*,,,,,,,,,,,,,,,,,,,27,旅愁,,,,,,,,
28,惡哞丨輝寶,,,,,,,,,,,,,,,,,,,,,,,,28,躁丨溫酒斬,,,,,,,,
29,露比醬丨嗨,,,,,,,,,,,,,,,,,,,,,,,,29,偃月,,,,,,,,
30,雲雲雲雲雲,,,,,,,,,,,,,,,,,,,,,,,,30,買了百,,,,,,,,
31,天女,,,,,,,,,,,,,,,,,,,,,,,,,,,,,,,,,
32,肥寶,,,,,,,,,,,,,,,,,,,,,,,,,,,,,,,,,
33,十單丨阿鬼,,,,,,,,,,,,,,,,,,,,,,,,,,,,,,,,,
34,十單丨米飯,,,,,,,,,,,,,,,,,,,,,,,,,,,,,,,,,
